Gather treasure so you|can clear Chapter 2!|Clear Chapter 2 to|get a cool Special unit!|Get earlier Treasure|to help in the Future!|Get the treasure of Now!|NULL|＠||
Clear Ch. 2 and get|a special unit!|Train in the Present!|Win in the Future!|Try "Empire of Cats" first!|NULL|＠||||
Gather treasure so you|can clear Chapter 3!|Clear Chapter 3 to|get a Special unit!|Train in the Present!|Win in the Future!|Try "Empire of Cats" first!|NULL|＠||
Clear Ch. 3 for a|special gift!|Try "Empire of Cats"|to train for the Future!|Ready for a challenge?|NULL|＠||||
Collecting more Treasure|powers up your Cats!|Getting treasure is key|to "Into the Future"!|Prepare well before trying|Future/Legend stages!|Get treasures from|"Empire of Cats" first!|＠||
Cats now rule|the World! Congrats!|All treasure collected!|Niiiiice!|＠||||||
Treasure Festival, on now!!|NULL|Treasure drop rate raised!|Now's the time, go for it!|＠||||||
Power up your army in |"Empire of Cats" first!|The Future has lots of|super tough enemies!|Take on "Into the Future"!|NULL|＠||||
Try to clear Chapter 2!|NULL|Gather treasure so you|can clear Chapter 2!|＠||||||
Unlock new CatCombos|by clearing Chapter 2!|Gather treasure so you|can clear Chapter 2!|＠||||||
Clear Ch. 3 and get|a special unit!|Conquer the final part|of the future!|Gather treasure so you|can clear Chapter 3!|＠||||
Clear Ch. 3 and unlock|new CatCombos!|Gather treasure so you|can clear Chapter 3!|＠||||||
Getting treasure is key|to a successful strategy!|Congrats on clearing Ch. 3|of Into the Future!!|Get all treasures from|earlier Future chapters!|＠||||
Cats now rule|Time and Space! Congrats!|All treasure collected!|Niiiiice!|＠||||||
Event Stage, On Now!|NULL|＠||||||||
Blitz Stage|Available Now!|Only Now!|Blitz Stage|＠||||||
Limited Collaboration|happening right now!|Check out the Collab event!|NULL|＠||||||
Event Stage, On Now!|Try the Limited Stage!|Event Stage, On Now!|NULL|＠||||||
|Appearing now!|Only available now!|Blitz Stage!|＠||||||
Half-Energy Event!!|On now in Ch. 1!|Play stages in Ch. 1|for 1/2 Energy cost!|＠||||||		統率力1/2イベント：日本編第1章のみ開催中
Half-Energy Event!!|On now in Ch. 2!|Play stages in Ch. 2|for 1/2 Energy cost!|＠||||||		統率力1/2イベント：日本編第2章のみ開催中
Half-Energy Event!!|On now in Ch. 3!|Play stages in Ch. 3|for 1/2 Energy cost!|＠||||||		統率力1/2イベント：日本編第3章のみ開催中
Half-Energy Event!!|On now in Ch. 1 + 2!|Stages in Ch. 1 or 2|cost 1/2 Energy!|＠||||||		統率力1/2イベント：日本編第1章・第2章で開催中
Half-Energy Event!!|On now in Ch. 1 + 3!|Stages in Ch. 1 or 3|cost 1/2 Energy!|＠||||||		統率力1/2イベント：日本編第1章・第3章で開催中
Half-Energy Event!!|On now in Ch. 2 + 3!|Stages in Ch. 2 or 3|cost 1/2 Energy!|＠||||||		統率力1/2イベント：日本編第2章・第3章で開催中
Half-Energy Event!!|On now!|Stages cost 50% Energy!|More battles!!! Let's go!|＠||||||		統率力1/2イベント：日本編第1章・第2章・第3章で開催中
Half-Energy Event!!|On now in Ch. 1!|Play stages in Ch. 1|for 1/2 Energy cost!|＠||||||		統率力1/2イベント：未来編第1章のみ開催中
Half-Energy Event!!|On now in Ch. 2!|Play stages in Ch. 2|for 1/2 Energy cost!|＠||||||		統率力1/2イベント：未来編第2章のみ開催中
Half-Energy Event!!|On now in Ch. 3!|Play stages in Ch. 3|for 1/2 Energy cost!|＠||||||		統率力1/2イベント：未来編第3章のみ開催中
Half-Energy Event!!|On now in Ch. 1 + 2!|Stages in Ch. 1 or 2|cost 1/2 Energy!|＠||||||		統率力1/2イベント：未来編第1章・第2章で開催中
Half-Energy Event!!|On now in Ch. 1 + 3!|Stages in Ch. 1 or 3|cost 1/2 Energy!|＠||||||		統率力1/2イベント：未来編第1章・第3章で開催中
Half-Energy Event!!|On now in Ch. 2 + 3!|Stages in Ch. 2 or 3|cost 1/2 Energy!|＠||||||		統率力1/2イベント：未来編第1章・第3章で開催中
Half-Energy Event!!|On now!|Stages cost 50% Energy!|More battles!!! Let's go!|＠||||||		統率力1/2イベント：未来編第1章・第2章・第3章で開催中
Half-Energy Event!!|On in Special Stages!|＠||||||||		統率力1/2イベント：レジェンドステージで開催中
Zombie Outbreaks|appearing in Ch. 1!|＠||||||||
Zombie Outbreaks|appearing in Ch. 2!|＠||||||||
Zombie Outbreaks|appearing in Ch. 3!|＠||||||||
Zombie Outbreaks|in Chapters 1 and 2!|＠||||||||
Zombie Outbreaks|in Chapters 1 and 3!|＠||||||||
Zombie Outbreaks|in Chapters 2 and 3!|＠||||||||
Zombie Outbreaks|EVERYWHERE!|＠||||||||
