nekokan_product_id	index	nekokan_n	product_name
jp.co.ponos.battlecatsen.nekokan1	0	30	ネコカン30個
jp.co.ponos.battlecatsen.nekokan2	1	90	ネコカン90個
jp.co.ponos.battlecatsen.nekokan3	2	180	ネコカン180個
jp.co.ponos.battlecatsen.nekokan4	3	330	ネコカン330個
jp.co.ponos.battlecatsen.nekokan5	4	690	ネコカン690個
jp.co.ponos.battlecatsen.nekokan6	5	1080	ネコカン1080個
jp.co.ponos.battlecatsen.nekokan7	6	1860	ネコカン1860個
jp.co.ponos.battlecatsen.nekokan8	7	3900	ネコカン3900個
jp.co.ponos.battlecatsen.nekokan_pack1	8	160	初心者パック1
jp.co.ponos.battlecatsen.nekokan_pack2	9	400	初心者パック2
jp.co.ponos.battlecatsen.nekokan_pack3	10	1100	初心者パック3
jp.co.ponos.battlecatsen.rankup_sale1	11	160	ランクアップセール1
jp.co.ponos.battlecatsen.rankup_sale2	12	0	ランクアップセール2
jp.co.ponos.battlecatsen.rankup_sale3	13	0	ランクアップセール3
jp.co.ponos.battlecatsen.item_pack1	14	160	アイテムパック1
jp.co.ponos.battlecatsen.item_pack2	15	400	アイテムパック2
jp.co.ponos.battlecatsen.item_pack3	16	1100	アイテムパック3
jp.co.ponos.battlecatsen.matatabi_set1	17	900	マタタビセット1
jp.co.ponos.battlecatsen.matatabi_set2	18	1900	マタタビセット2
jp.co.ponos.battlecatsen.matatabi_set3	19	4000	マタタビセット3
jp.co.ponos.battlecatsen.platinum_ticket	20	100	プラチナチケット
jp.co.ponos.battlecatsen.rare_ticket	21	0	レアチケット
									